{"cameraMode":{"drawMode":0,"name":"Shaded","section":"Shading Mode"},"sceneLighting":false,"audioPlay":false,"sceneViewState":{"showFog":true,"showMaterialUpdate":true,"showSkybox":true,"showFlares":true,"showImageEffects":true,"showParticleSystems":true},"in2DMode":false,"pivot":{"x":1.321131944656372,"y":1.1959481239318848,"z":4.497463703155518},"rotation":{"x":-0.17444172501564027,"y":0.18344154953956605,"z":0.03309658542275429,"w":0.9668627977371216},"size":5.82376766204834,"orthographic":false}