{"cameraMode":{"drawMode":0,"name":"Shaded","section":"Shading Mode"},"sceneLighting":false,"audioPlay":false,"sceneViewState":{"showFog":true,"showMaterialUpdate":false,"showSkybox":false,"showFlares":true,"showImageEffects":true,"showParticleSystems":true},"in2DMode":false,"pivot":{"x":0.0005104541778564453,"y":0.25,"z":-0.0005104541778564453},"rotation":{"x":-0.08852635324001312,"y":0.8991917371749878,"z":-0.214631587266922,"w":-0.3708781898021698},"size":0.45033320784568789,"orthographic":false}