{"cameraMode":{"drawMode":0,"name":"Shaded","section":"Shading Mode"},"sceneLighting":false,"audioPlay":false,"sceneViewState":{"showFog":true,"showMaterialUpdate":false,"showSkybox":false,"showFlares":true,"showImageEffects":true,"showParticleSystems":true},"in2DMode":false,"pivot":{"x":0.0,"y":-1.5800000429153443,"z":-2.0799999237060549},"rotation":{"x":-0.054455000907182696,"y":-0.5629174113273621,"z":-0.03720659390091896,"w":0.8238773941993713},"size":5.833013534545898,"orthographic":false}