{"cameraMode":{"drawMode":0,"name":"Shaded","section":"Shading Mode"},"sceneLighting":true,"audioPlay":false,"sceneViewState":{"showFog":true,"showMaterialUpdate":false,"showSkybox":true,"showFlares":true,"showImageEffects":true,"showParticleSystems":true},"in2DMode":false,"pivot":{"x":-52.29999923706055,"y":91.06400299072266,"z":3.15000057220459},"rotation":{"x":-0.019902868196368219,"y":-0.919438898563385,"z":0.04693163186311722,"w":-0.38992756605148318},"size":23.20119285583496,"orthographic":false}