{"cameraMode":{"drawMode":0,"name":"Shaded","section":"Shading Mode"},"sceneLighting":false,"audioPlay":false,"sceneViewState":{"showFog":true,"showMaterialUpdate":false,"showSkybox":false,"showFlares":true,"showImageEffects":true,"showParticleSystems":true},"in2DMode":false,"pivot":{"x":0.00010209158062934875,"y":0.10000000149011612,"z":-0.0002041831612586975},"rotation":{"x":-0.03869396448135376,"y":-0.6224914789199829,"z":-0.030838865786790849,"w":0.7810606956481934},"size":0.15599998831748963,"orthographic":false}