{"cameraMode":{"drawMode":0,"name":"Shaded","section":"Shading Mode"},"sceneLighting":false,"audioPlay":false,"sceneViewState":{"showFog":true,"showMaterialUpdate":false,"showSkybox":false,"showFlares":true,"showImageEffects":true,"showParticleSystems":true},"in2DMode":false,"pivot":{"x":83.93072509765625,"y":90.281982421875,"z":455.0812072753906},"rotation":{"x":-0.09833039343357086,"y":-0.3441816568374634,"z":-0.036273010075092319,"w":0.9330354928970337},"size":22.527631759643556,"orthographic":false}