{"cameraMode":{"drawMode":0,"name":"Shaded","section":"Shading Mode"},"sceneLighting":false,"audioPlay":false,"sceneViewState":{"showFog":true,"showMaterialUpdate":false,"showSkybox":false,"showFlares":true,"showImageEffects":true,"showParticleSystems":true},"in2DMode":false,"pivot":{"x":0.020758531987667085,"y":0.02455812133848667,"z":-0.1116529107093811},"rotation":{"x":-0.09833039343357086,"y":-0.3441816568374634,"z":-0.036273010075092319,"w":0.9330354928970337},"size":0.045061539858579639,"orthographic":false}