{"cameraMode":{"drawMode":0,"name":"Shaded","section":"Shading Mode"},"sceneLighting":false,"audioPlay":false,"sceneViewState":{"showFog":true,"showMaterialUpdate":false,"showSkybox":false,"showFlares":true,"showImageEffects":true,"showParticleSystems":true},"in2DMode":false,"pivot":{"x":0.07746928930282593,"y":0.014255285263061524,"z":-0.013149604201316834},"rotation":{"x":-0.09833039343357086,"y":-0.3441816568374634,"z":-0.036273010075092319,"w":0.9330354928970337},"size":0.8660253882408142,"orthographic":false}