{"cameraMode":{"drawMode":0,"name":"Shaded","section":"Shading Mode"},"sceneLighting":false,"audioPlay":false,"sceneViewState":{"showFog":true,"showMaterialUpdate":false,"showSkybox":true,"showFlares":true,"showImageEffects":true,"showParticleSystems":true},"in2DMode":false,"pivot":{"x":-7.201055526733398,"y":-3.6381711959838869,"z":-1.3176872730255128},"rotation":{"x":0.01916663907468319,"y":0.04856947436928749,"z":0.0009319210075773299,"w":-0.998637318611145},"size":0.5155386924743652,"orthographic":false}