{"cameraMode":{"drawMode":0,"name":"Shaded","section":"Shading Mode"},"sceneLighting":false,"audioPlay":false,"sceneViewState":{"showFog":true,"showMaterialUpdate":false,"showSkybox":true,"showFlares":true,"showImageEffects":true,"showParticleSystems":true},"in2DMode":false,"pivot":{"x":-110.46966552734375,"y":-20.086938858032228,"z":0.0},"rotation":{"x":0.023455098271369935,"y":-0.13990268111228944,"z":-0.003315269248560071,"w":-0.989883303642273},"size":19.694833755493165,"orthographic":false}