{"cameraMode":{"drawMode":0,"name":"Shaded","section":"Shading Mode"},"sceneLighting":false,"audioPlay":false,"sceneViewState":{"showFog":true,"showMaterialUpdate":false,"showSkybox":false,"showFlares":true,"showImageEffects":true,"showParticleSystems":true},"in2DMode":false,"pivot":{"x":0.8686553835868836,"y":-0.015644870698451997,"z":0.048963382840156558},"rotation":{"x":0.01329503208398819,"y":0.7739351987838745,"z":0.01625366322696209,"w":-0.6329221725463867},"size":0.7732080221176148,"orthographic":true}